"Posicion","Palabra","Frecuencia","Proporcion","Porcentaje"
1,"said",818,0.0242341648397227,2.42
2,"poirot",499,0.0147834330745986,1.48
3,"one",316,0.00936185340996623,0.94
4,"katherine",308,0.00912484446287847,0.91
5,"aldin",293,0.00868045268708894,0.87
6,"van",293,0.00868045268708894,0.87
7,"will",255,0.00755466018842211,0.76
8,"man",222,0.00657699828168513,0.66
9,"kettering",218,0.00645849380814126,0.65
10,"know",211,0.00625111097943947,0.63
11,"yes",200,0.00592522367719381,0.59
12,"say",176,0.00521419683593056,0.52
13,"well",175,0.00518457071754459,0.52
14,"now",173,0.00512531848077265,0.51
15,"derek",168,0.0049771878888428,0.5
16,"little",168,0.0049771878888428,0.5
17,"mademoiselle",164,0.00485868341529893,0.49
18,"monsieur",163,0.00482905729691296,0.48
19,"comte",162,0.00479943117852699,0.48
20,"knighton",161,0.00476980506014102,0.48
